CREATIVE//BOUNTY Profit and Loss Evidence,,
Hackathon period,May-August 2026,USD

Revenue,,
May 2026 revenue,0.00,No paying customers or transactions
June 2026 revenue,0.00,No paying customers or transactions
July 2026 revenue,0.00,No paying customers or transactions
August 2026 revenue,0.00,No paying customers or transactions as of submission
Total revenue,0.00,Advertised bounties are not counted as revenue

Expenses,,
Cost of goods sold,0.00,No goods or services sold; controlled proof run used free Pollinations endpoint
Marketing and customer acquisition,0.00,No paid advertising or promotion
Additional expenses,0.00,No paid infrastructure or provider billing recorded
Total expenses,0.00,

Net income,0.00,

Notes,,
Provider cost for verified LIVE proof,0.00,Pollinations public free endpoint; no API key or billing account used
Backblaze B2,0.00,No cost recorded for hackathon proof evidence
